{
  "input_nodes": 4,
  "hidden_nodes": 4,
  "output_nodes": 2,
  "weights_ih": {
    "rows": 4,
    "cols": 4,
    "data": [
      [
        -0.8436622964300854,
        0.7772443699472853,
        0.03701271731293685,
        -0.806844729858593
      ],
      [
        -0.516789124212611,
        -0.46033329523260863,
        -0.8737341423286789,
        -0.7756107864185642
      ],
      [
        1.1447808983499828,
        0.4298506882589268,
        0.703176394746849,
        -0.9831286825498236
      ],
      [
        -0.07188767253930829,
        0.11014079179600658,
        -0.2449306377638566,
        0.44581829940313167
      ]
    ]
  },
  "weights_ho": {
    "rows": 2,
    "cols": 4,
    "data": [
      [
        0.08860113316497312,
        -0.20779513812711828,
        0.8716786932421672,
        -0.5757668510677616
      ],
      [
        0.690656711749956,
        0.7176230240059431,
        0.4200485756757137,
        0.5171810701429811
      ]
    ]
  },
  "bias_h": {
    "rows": 4,
    "cols": 1,
    "data": [
      [
        0.7718514432232846
      ],
      [
        -1.0451502340481915
      ],
      [
        0.7894563682617042
      ],
      [
        -0.584788171865543
      ]
    ]
  },
  "bias_o": {
    "rows": 2,
    "cols": 1,
    "data": [
      [
        0.8527110090952648
      ],
      [
        0.3458555890543482
      ]
    ]
  },
  "learning_rate": 0.1,
  "activation_function": {}
}
